athleteName,clubName,countryName
Thibaut Courtois,Chelsea F.C.,Belgium
John Terry,Chelsea F.C.,United Kingdom
Antonio Rüdiger,Chelsea F.C.,Germany
Claudio Pizarro,Chelsea F.C.,Peru
Loïc Rémy,Chelsea F.C.,France
William Foulke,Chelsea F.C.,United Kingdom of Great Britain and Ireland
Winston Bogarde,Chelsea F.C.,Kingdom of the Netherlands
Lucas Piazón,Chelsea F.C.,Brazil
Ashley Cole,Chelsea F.C.,United Kingdom
Ken Monkou,Chelsea F.C.,Kingdom of the Netherlands
Alexandre Pato,Chelsea F.C.,Brazil
Radamel Falcao,Chelsea F.C.,Colombia
Fred Taylor,Chelsea F.C.,United Kingdom
Marko Marin,Chelsea F.C.,Germany
Robert Huth,Chelsea F.C.,German Democratic Republic
Carlton Cole,Chelsea F.C.,United Kingdom
Mark Schwarzer,Chelsea F.C.,Australia
Hernán Crespo,Chelsea F.C.,Argentina
Mikel John Obi,Chelsea F.C.,Nigeria
Christian Panucci,Chelsea F.C.,Italy
George Weah,Chelsea F.C.,Liberia
Tony Dorigo,Chelsea F.C.,Australia
Ruud Gullit,Chelsea F.C.,Kingdom of the Netherlands
Raul Meireles,Chelsea F.C.,Portugal
Peter Osgood,Chelsea F.C.,United Kingdom
Salomon Kalou,Chelsea F.C.,Ivory Coast
Vivian Woodward,Chelsea F.C.,United Kingdom
Branislav Ivanović,Chelsea F.C.,Serbia
Yuri Zhirkov,Chelsea F.C.,Russia
Claude Makelélé,Chelsea F.C.,Democratic Republic of the Congo
Paulo Ferreira,Chelsea F.C.,Portugal
Joe Cole,Chelsea F.C.,United Kingdom
Glen Johnson,Chelsea F.C.,United Kingdom
Eiður Guðjohnsen,Chelsea F.C.,Iceland
Ricardo Quaresma,Chelsea F.C.,Portugal
Yossi Benayoun,Chelsea F.C.,Israel
Khalid Boulahrouz,Chelsea F.C.,Kingdom of the Netherlands
Shaun Wright-Phillips,Chelsea F.C.,United Kingdom
Damien Duff,Chelsea F.C.,Ireland
Roberto Di Matteo,Chelsea F.C.,Switzerland
Marcel Desailly,Chelsea F.C.,Ghana
Jeffrey Bruma,Chelsea F.C.,Kingdom of the Netherlands
Robert Green,Chelsea F.C.,United Kingdom
Adrian Mutu,Chelsea F.C.,Romania
Mateja Kežman,Chelsea F.C.,Serbia
Geremi,Chelsea F.C.,Cameroon
Ramires,Chelsea F.C.,Brazil
Filipe Morais,Chelsea F.C.,Portugal
Wayne Bridge,Chelsea F.C.,United Kingdom
Carlo Cudicini,Chelsea F.C.,Italy
Emerson Thome,Chelsea F.C.,Brazil
Thiago Silva,Chelsea F.C.,Brazil
Tiago Mendes,Chelsea F.C.,Portugal
José Bosingwa,Chelsea F.C.,Portugal
Brian Laudrup,Chelsea F.C.,Kingdom of Denmark
Scott Parker,Chelsea F.C.,United Kingdom
Eden Hazard,Chelsea F.C.,Belgium
Mark Hughes,Chelsea F.C.,United Kingdom
Hilário,Chelsea F.C.,Portugal
Tore André Flo,Chelsea F.C.,Norway
Florent Malouda,Chelsea F.C.,France
Nicolas Anelka,Chelsea F.C.,France
William Gallas,Chelsea F.C.,France
Gianfranco Zola,Chelsea F.C.,Italy
Alec Chamberlain,Chelsea F.C.,United Kingdom
Ray Lewington,Chelsea F.C.,United Kingdom
Nathaniel Chalobah,Chelsea F.C.,Sierra Leone
Siobhan Chamberlain,Chelsea F.C.,United Kingdom
Dunia Susi,Chelsea F.C.,United Kingdom
Claire Rafferty,Chelsea F.C.,United Kingdom
Anita Asante,Chelsea F.C.,United Kingdom
Eniola Aluko,Chelsea F.C.,United Kingdom
Ellen White,Chelsea F.C.,United Kingdom
Michael Ballack,Chelsea F.C.,Germany
Cesc Fàbregas,Chelsea F.C.,Spain
Oscar,Chelsea F.C.,Brazil
Maniche,Chelsea F.C.,Portugal
Andriy Shevchenko,Chelsea F.C.,Ukraine
Frank Lampard,Chelsea F.C.,United Kingdom
Fernando Torres,Chelsea F.C.,Spain
Arjen Robben,Chelsea F.C.,Kingdom of the Netherlands
Didier Drogba,Chelsea F.C.,Ivory Coast
Alex Rodrigo Dias da Costa,Chelsea F.C.,Brazil
Daniel Sturridge,Chelsea F.C.,United Kingdom
Jimmy Floyd Hasselbaink,Chelsea F.C.,Kingdom of the Netherlands
Gary Cahill,Chelsea F.C.,United Kingdom
Marco Amelia,Chelsea F.C.,Italy
Juliano Belletti,Chelsea F.C.,Brazil
Gianluca Vialli,Chelsea F.C.,Italy
Phil Younghusband,Chelsea F.C.,Philippines
Ross Turnbull,Chelsea F.C.,United Kingdom
Fabio Borini,Chelsea F.C.,Italy
Ian Pearce,Chelsea F.C.,United Kingdom
Junior Mendes,Chelsea F.C.,United Kingdom
John Harris,Chelsea F.C.,United Kingdom
Matej Delač,Chelsea F.C.,Croatia
Frode Grodås,Chelsea F.C.,Norway
Yūki Nagasato,Chelsea F.C.,Japan
Emmanuel Petit,Chelsea F.C.,France
Boudewijn Zenden,Chelsea F.C.,Kingdom of the Netherlands
Steve Sidwell,Chelsea F.C.,United Kingdom
Tal Ben Haim,Chelsea F.C.,Israel
Dave Beasant,Chelsea F.C.,United Kingdom
Frank Leboeuf,Chelsea F.C.,France
Victor Moses,Chelsea F.C.,Nigeria
Demba Ba,Chelsea F.C.,France
Ryan Bertrand,Chelsea F.C.,United Kingdom
Jesper Grønkjær,Chelsea F.C.,Kingdom of Denmark
Glenn Hoddle,Chelsea F.C.,United Kingdom
Vinnie Jones,Chelsea F.C.,United Kingdom
Jimmy Greaves,Chelsea F.C.,United Kingdom
Miroslav Stoch,Chelsea F.C.,Slovakia
Gaël Kakuta,Chelsea F.C.,France
Eduardo Carvalho,Chelsea F.C.,Portugal
Nils Middelboe,Chelsea F.C.,Kingdom of Denmark
Scott Sinclair,Chelsea F.C.,United Kingdom
Josh McEachran,Chelsea F.C.,United Kingdom
Asier del Horno,Chelsea F.C.,Spain
Jared Borgetti,Chelsea F.C.,Mexico
Celestine Babayaro,Chelsea F.C.,Nigeria
Mineiro,Chelsea F.C.,Brazil
Sam Hutchinson,Chelsea F.C.,United Kingdom
George Graham,Chelsea F.C.,United Kingdom
Terry Venables,Chelsea F.C.,United Kingdom
Michael Mancienne,Chelsea F.C.,Seychelles
Franco Di Santo,Chelsea F.C.,Argentina
Albert Ferrer,Chelsea F.C.,Spain
Baba Rahman,Chelsea F.C.,Ghana
Patrick Bamford,Chelsea F.C.,United Kingdom
Dennis Wise,Chelsea F.C.,United Kingdom
Islam Feruz,Chelsea F.C.,Somalia
James Younghusband,Chelsea F.C.,Philippines
Anthony Grant,Chelsea F.C.,United Kingdom
Ron Harris,Chelsea F.C.,United Kingdom
Gus Poyet,Chelsea F.C.,Uruguay
Lianne Sanderson,Chelsea F.C.,United Kingdom
Magnus Hedman,Chelsea F.C.,Sweden
Ben Sahar,Chelsea F.C.,Israel
Ed de Goey,Chelsea F.C.,Kingdom of the Netherlands
Mikael Forssell,Chelsea F.C.,Finland
Peter Bonetti,Chelsea F.C.,United Kingdom
Jürgen Macho,Chelsea F.C.,Austria
Alec Cheyne,Chelsea F.C.,United Kingdom
Barry Bridges,Chelsea F.C.,United Kingdom
Frank Blunstone,Chelsea F.C.,United Kingdom
Slobodan Rajković,Chelsea F.C.,Serbia
Mario Stanić,Chelsea F.C.,Croatia
Filipe Luís,Chelsea F.C.,Brazil
Mark Bosnich,Chelsea F.C.,Australia
Ray Wilkins,Chelsea F.C.,United Kingdom
Mario Melchiot,Chelsea F.C.,Kingdom of the Netherlands
Graeme Le Saux,Chelsea F.C.,United Kingdom
Chris Sutton,Chelsea F.C.,United Kingdom
Alexey Smertin,Chelsea F.C.,Russia
Pierluigi Casiraghi,Chelsea F.C.,Italy
Steve Clarke,Chelsea F.C.,United Kingdom
Alex Stepney,Chelsea F.C.,United Kingdom
Jack Cork,Chelsea F.C.,United Kingdom
Willy Caballero,Chelsea F.C.,Argentina
Kano,Chelsea F.C.,United Kingdom
Jiří Jarošík,Chelsea F.C.,Czech Republic
Ulises Dávila,Chelsea F.C.,Mexico
Diego Costa,Chelsea F.C.,Brazil
Alcides Araújo Alves,Chelsea F.C.,Brazil
Jackie Groenen,Chelsea F.C.,Kingdom of the Netherlands
Tony Cascarino,Chelsea F.C.,Ireland
Bobby Evans,Chelsea F.C.,United Kingdom
Petr Čech,Chelsea F.C.,Czech Republic
Gonzalo Higuaín,Chelsea F.C.,France
Lassana Diarra,Chelsea F.C.,France
Ji So-Yun,Chelsea F.C.,South Korea
Wallace Oliveira dos Santos,Chelsea F.C.,Brazil
Didier Deschamps,Chelsea F.C.,France
Kenny Swain,Chelsea F.C.,United Kingdom
Bob Gregg,Chelsea F.C.,United Kingdom
Serey Dié,Chelsea F.C.,Ivory Coast
Andy Townsend,Chelsea F.C.,Ireland
Graham Rix,Chelsea F.C.,United Kingdom
Sid Castle,Chelsea F.C.,United Kingdom
Colin Pates,Chelsea F.C.,United Kingdom
Dmitri Kharine,Chelsea F.C.,Russia
Mbark Boussoufa,Chelsea F.C.,Morocco
Ricardo Carvalho,Chelsea F.C.,Portugal
Duncan Shearer,Chelsea F.C.,United Kingdom
Roy Bentley,Chelsea F.C.,United Kingdom
Ben Gordon,Chelsea F.C.,United Kingdom
Duncan McKenzie,Chelsea F.C.,United Kingdom
Lee Sawyer,Chelsea F.C.,United Kingdom
Gary Chivers,Chelsea F.C.,United Kingdom
Clive Walker,Chelsea F.C.,United Kingdom
Charlie Cooke,Chelsea F.C.,United Kingdom
Pierre Issa,Chelsea F.C.,France
Momodou Ceesay,Chelsea F.C.,The Gambia
William Lewis,Chelsea F.C.,United Kingdom
Marco van Ginkel,Chelsea F.C.,Kingdom of the Netherlands
Mal Donaghy,Chelsea F.C.,United Kingdom
Tom Boyd,Chelsea F.C.,United Kingdom
Frank Sinclair,Chelsea F.C.,United Kingdom
Deco,Chelsea F.C.,Brazil
Filipe Oliveira,Chelsea F.C.,Portugal
Willi Steffen,Chelsea F.C.,Switzerland
David Hopkin,Chelsea F.C.,United Kingdom
George Mills,Chelsea F.C.,United Kingdom
Bjarne Goldbæk,Chelsea F.C.,Kingdom of Denmark
Jes Høgh,Chelsea F.C.,Kingdom of Denmark
Erland Johnsen,Chelsea F.C.,Norway
Kerry Dixon,Chelsea F.C.,United Kingdom
Nuno Morais,Chelsea F.C.,Portugal
Gordon Durie,Chelsea F.C.,United Kingdom
Clive Allen,Chelsea F.C.,United Kingdom
Ron Greenwood,Chelsea F.C.,United Kingdom
Enrique de Lucas,Chelsea F.C.,Spain
Tony Hateley,Chelsea F.C.,United Kingdom
Ronald Brebner,Chelsea F.C.,United Kingdom of Great Britain and Ireland
Stewart Houston,Chelsea F.C.,United Kingdom
Gary Locke,Chelsea F.C.,United Kingdom
Ken Shellito,Chelsea F.C.,United Kingdom
Petar Borota,Chelsea F.C.,Yugoslavia
Jack Kirwan,Chelsea F.C.,Ireland
Nigel Spackman,Chelsea F.C.,United Kingdom
Mike Fillery,Chelsea F.C.,United Kingdom
Graham Roberts,Chelsea F.C.,United Kingdom
Tommy Langley,Chelsea F.C.,United Kingdom
Tommy Lawton,Chelsea F.C.,United Kingdom
Derek Johnstone,Chelsea F.C.,United Kingdom
Tommy Docherty,Chelsea F.C.,United Kingdom
Bernard Lambourde,Chelsea F.C.,France
Muzzy Izzet,Chelsea F.C.,United Kingdom
Jody Morris,Chelsea F.C.,United Kingdom
David Rocastle,Chelsea F.C.,United Kingdom
Jimmy Smith,Chelsea F.C.,United Kingdom
Laurent Charvet,Chelsea F.C.,France
Paul Parker,Chelsea F.C.,United Kingdom
Nick Colgan,Chelsea F.C.,Ireland
Amin Affane,Chelsea F.C.,Sweden
Ben Warren,Chelsea F.C.,United Kingdom of Great Britain and Ireland
Bert Murray,Chelsea F.C.,United Kingdom
Bertrand Traoré,Chelsea F.C.,Burkina Faso
Bobby Campbell,Chelsea F.C.,United Kingdom
Lenny Pidgeley,Chelsea F.C.,United Kingdom
Charlie Thomson,Chelsea F.C.,United Kingdom
Tomáš Kalas,Chelsea F.C.,Czech Republic
Syd Bishop,Chelsea F.C.,United Kingdom
Billy Brown,Chelsea F.C.,United Kingdom
Bobby Smith,Chelsea F.C.,United Kingdom
Bobby Tambling,Chelsea F.C.,United Kingdom
Christian Atsu,Chelsea F.C.,Ghana
Joe Keenan,Chelsea F.C.,United Kingdom
Yves Ma-Kalambay,Chelsea F.C.,Belgium
Pat Nevin,Chelsea F.C.,United Kingdom
Slaviša Jokanović,Chelsea F.C.,Serbia
Eddie McCreadie,Chelsea F.C.,United Kingdom
Rati Aleksidze,Chelsea F.C.,Georgia
Hughie Gallacher,Chelsea F.C.,United Kingdom
Samuele Dalla Bona,Chelsea F.C.,Italy
Jacopo Sala,Chelsea F.C.,Italy
Michael Essien,Chelsea F.C.,Ghana
Piet de Visser,Chelsea F.C.,Kingdom of the Netherlands
Jakob Kjeldbjerg,Chelsea F.C.,Kingdom of Denmark
Marco Ambrosio,Chelsea F.C.,Italy
Gabriele Ambrosetti,Chelsea F.C.,Italy
Danny Philliskirk,Chelsea F.C.,United Kingdom
Conor Clifford,Chelsea F.C.,Ireland
Jacob Mellis,Chelsea F.C.,United Kingdom
Carl Magnay,Chelsea F.C.,United Kingdom
Chris Zoricich,Chelsea F.C.,New Zealand
John Tait Robertson,Chelsea F.C.,United Kingdom
Paul Elliott,Chelsea F.C.,United Kingdom
Craig Forrest,Chelsea F.C.,Canada
Tom Taiwo,Chelsea F.C.,United Kingdom
Eddie Newton,Chelsea F.C.,United Kingdom
Dave Mitchell,Chelsea F.C.,Australia
David Speedie,Chelsea F.C.,United Kingdom
David Webb,Chelsea F.C.,United Kingdom
Ken Armstrong,Chelsea F.C.,United Kingdom
Harry Burgess,Chelsea F.C.,United Kingdom
Derek Kevan,Chelsea F.C.,United Kingdom
Samuel Eto'o,Chelsea F.C.,Cameroon
Eddie Niedzwiecki,Chelsea F.C.,United Kingdom
George Hilsdon,Chelsea F.C.,United Kingdom
John Hollins,Chelsea F.C.,United Kingdom
Milan Lalkovič,Chelsea F.C.,Slovakia
Rhys Taylor,Chelsea F.C.,United Kingdom
Roy Wegerle,Chelsea F.C.,South Africa
Micky Droy,Chelsea F.C.,United Kingdom
Alan Hudson,Chelsea F.C.,United Kingdom
Alex Jackson,Chelsea F.C.,United Kingdom
Len Dolding,Chelsea F.C.,United Kingdom
Nat Robinson,Chelsea F.C.,United Kingdom
Neil Clement,Chelsea F.C.,United Kingdom
George Hunter,Chelsea F.C.,United Kingdom of Great Britain and Ireland
Gustavo Lazzaretti,Chelsea F.C.,Brazil
Chris Hutchings,Chelsea F.C.,United Kingdom
Andrew Wilson,Chelsea F.C.,United Kingdom
Ian Hutchinson,Chelsea F.C.,United Kingdom
Jimmy Townley,Chelsea F.C.,United Kingdom
Joey Jones,Chelsea F.C.,United Kingdom
John Spencer,Chelsea F.C.,United Kingdom
Nathan Aké,Chelsea F.C.,Kingdom of the Netherlands
Craig Rocastle,Chelsea F.C.,United Kingdom
Pop Robson,Chelsea F.C.,United Kingdom
Morten Nielsen,Chelsea F.C.,Kingdom of Denmark
Danny Drinkwater,Chelsea F.C.,United Kingdom
Max Woosnam,Chelsea F.C.,United Kingdom
Marvin Hinton,Chelsea F.C.,United Kingdom
Max Seeburg,Chelsea F.C.,Germany
Mickey Thomas,Chelsea F.C.,United Kingdom
Ned Barkas,Chelsea F.C.,United Kingdom
Mike Adams,Chelsea F.C.,United Kingdom
Ernie Campbell,Chelsea F.C.,Australia
Joe Bambrick,Chelsea F.C.,United Kingdom
Peter Houseman,Chelsea F.C.,United Kingdom
Liam Bridcutt,Chelsea F.C.,United Kingdom
Fred Richardson,Chelsea F.C.,United Kingdom
"Charles Bunyan, Jr.",Chelsea F.C.,United Kingdom
Sebastian Kneißl,Chelsea F.C.,Germany
Craig Burley,Chelsea F.C.,United Kingdom
Michael Duberry,Chelsea F.C.,United Kingdom
Neil Sullivan,Chelsea F.C.,United Kingdom
David Hay,Chelsea F.C.,United Kingdom
Eamonn Bannon,Chelsea F.C.,United Kingdom
Jon Harley,Chelsea F.C.,United Kingdom
Brian Turner,Chelsea F.C.,New Zealand
Harold Halse,Chelsea F.C.,United Kingdom
Robert Fleck,Chelsea F.C.,United Kingdom
Boy-Boy Mosia,Chelsea F.C.,South Africa
Gerry Peyton,Chelsea F.C.,United Kingdom
Toon Effern,Chelsea F.C.,Kingdom of the Netherlands
Peter Sillett,Chelsea F.C.,United Kingdom
Alexis Nicolas,Chelsea F.C.,United Kingdom
Jeffrey Ntuka,Chelsea F.C.,South Africa
Peter Nicholas,Chelsea F.C.,United Kingdom
Sergio Tejera,Chelsea F.C.,Spain
Peter Brabrook,Chelsea F.C.,United Kingdom
Terry Phelan,Chelsea F.C.,Ireland
Emmanuel Sarki,Chelsea F.C.,Nigeria
Shaun Cummings,Chelsea F.C.,United Kingdom
Harold Brittan,Chelsea F.C.,United Kingdom
Alf Hanson,Chelsea F.C.,United Kingdom of Great Britain and Ireland
Allan Harris,Chelsea F.C.,United Kingdom
Allie Long,Chelsea F.C.,United States
Paul Bodin,Chelsea F.C.,United Kingdom
Billy Dodds,Chelsea F.C.,United Kingdom
Kevin Hitchcock,Chelsea F.C.,United Kingdom
Bobby Brown,Chelsea F.C.,United Kingdom
Jimmy Armstrong,Chelsea F.C.,United Kingdom
Colin Viljoen,Chelsea F.C.,South Africa
Cristian Cuevas,Chelsea F.C.,Chile
Eric Westwood,Chelsea F.C.,United Kingdom
Jim Lewis,Chelsea F.C.,United Kingdom
Joe Allon,Chelsea F.C.,United Kingdom
John Dempsey,Chelsea F.C.,Ireland
Keith Weller,Chelsea F.C.,United Kingdom
Leon Knight,Chelsea F.C.,United Kingdom
Michael Woods,Chelsea F.C.,United Kingdom
Ian Hamilton,Chelsea F.C.,United Kingdom
Paddy Mulligan,Chelsea F.C.,Ireland
Papy Djilobodji,Chelsea F.C.,Senegal
Vic Woodley,Chelsea F.C.,United Kingdom
Peter O'Dowd,Chelsea F.C.,United Kingdom
Gavin Peacock,Chelsea F.C.,United Kingdom
Ron Tindall,Chelsea F.C.,United Kingdom
Ólína Guðbjörg Viðarsdóttir,Chelsea F.C.,Iceland
Edda Garðarsdóttir,Chelsea F.C.,Iceland
Steven Hampshire,Chelsea F.C.,United Kingdom
Jan Šebek,Chelsea F.C.,Czech Republic
Andy Myers,Chelsea F.C.,United Kingdom
Cecil Allen,Chelsea F.C.,United Kingdom
Colin Lee,Chelsea F.C.,United Kingdom
Jack Cock,Chelsea F.C.,United Kingdom
Jimmy Aggrey,Chelsea F.C.,United Kingdom
Jim McCalliog,Chelsea F.C.,United Kingdom
Jimmy Ferris,Chelsea F.C.,United Kingdom
Joe Bacuzzi,Chelsea F.C.,United Kingdom
Les Allen,Chelsea F.C.,United Kingdom
Mark Falco,Chelsea F.C.,United Kingdom
Mark Stein,Chelsea F.C.,South Africa
Nana Ofori-Twumasi,Chelsea F.C.,United Kingdom
Percy Humphreys,Chelsea F.C.,United Kingdom
Roger Freestone,Chelsea F.C.,United Kingdom
Sam Millington,Chelsea F.C.,United Kingdom
Scott Minto,Chelsea F.C.,United Kingdom
Tony McAndrew,Chelsea F.C.,United Kingdom
Valerio Di Cesare,Chelsea F.C.,Italy
Warren Cummings,Chelsea F.C.,United Kingdom
Jhon Pírez,Chelsea F.C.,Uruguay
Benjamin Howard Baker,Chelsea F.C.,United Kingdom of Great Britain and Ireland
Steve Kember,Chelsea F.C.,United Kingdom
Stan Willemse,Chelsea F.C.,United Kingdom
Adam Phillip,Chelsea F.C.,United Kingdom
Adrian Pettigrew,Chelsea F.C.,United Kingdom
Adriana Martín,Chelsea F.C.,Spain
Alan Birchenall,Chelsea F.C.,United Kingdom
Alan Dickens,Chelsea F.C.,United Kingdom
Alan Dicks,Chelsea F.C.,United Kingdom
Alan Judge,Chelsea F.C.,United Kingdom
Alan Mayes,Chelsea F.C.,United Kingdom
Alan Wilks,Chelsea F.C.,United Kingdom
Alec Donald,Chelsea F.C.,United Kingdom
Alex Davidson,Chelsea F.C.,United Kingdom
Alex Greenwood,Chelsea F.C.,United Kingdom
Alfred Bower,Chelsea F.C.,United Kingdom
Allan Craig,Chelsea F.C.,United Kingdom
Allan Young,Chelsea F.C.,United Kingdom
Andy Bowman,Chelsea F.C.,United Kingdom
Andy Dow,Chelsea F.C.,United Kingdom
Andy Malcolm,Chelsea F.C.,United Kingdom
Andy Walker,Chelsea F.C.,United Kingdom
Angus Douglas,Chelsea F.C.,United Kingdom of Great Britain and Ireland
Anthony Barness,Chelsea F.C.,United Kingdom
Archange Nkumu,Chelsea F.C.,United Kingdom
Arthur Holden,Chelsea F.C.,United Kingdom
Barry Ashworth,Chelsea F.C.,United Kingdom
Benny Jones,Chelsea F.C.,United Kingdom
Bertie Hill,Chelsea F.C.,United Kingdom
Bill Barraclough,Chelsea F.C.,United Kingdom
Bill Cartwright,Chelsea F.C.,United Kingdom
Bill Dickie,Chelsea F.C.,United Kingdom
Bill Garner,Chelsea F.C.,United Kingdom
Bill Robertson,Chelsea F.C.,United Kingdom
Bill Routledge,Chelsea F.C.,United Kingdom
Bill Whittaker,Chelsea F.C.,United Kingdom
Billy Brawn,Chelsea F.C.,United Kingdom
Billy Bridgeman,Chelsea F.C.,United Kingdom
Billy Clifford,Chelsea F.C.,United Kingdom
Billy Gray,Chelsea F.C.,United Kingdom
Billy Hughes,Chelsea F.C.,United Kingdom
Billy Williams,Chelsea F.C.,United Kingdom
Bob Iles,Chelsea F.C.,United Kingdom
Bob McAuley,Chelsea F.C.,Canada
Bob McNeil,Chelsea F.C.,United Kingdom
Bob McRoberts,Chelsea F.C.,United Kingdom
Bob Thomson,Chelsea F.C.,United Kingdom
Bob Warren,Chelsea F.C.,United Kingdom
Bob Whittingham,Chelsea F.C.,United Kingdom of Great Britain and Ireland
Bobby Atherton,Chelsea F.C.,United Kingdom of Great Britain and Ireland
Bobby Laverick,Chelsea F.C.,United Kingdom
Brian Bason,Chelsea F.C.,United Kingdom
Brian Nicholas,Chelsea F.C.,United Kingdom
Buchanan Sharp,Chelsea F.C.,United Kingdom
Carly Telford,Chelsea F.C.,United Kingdom
Charlie Freeman,Chelsea F.C.,United Kingdom
Charlie Livesey,Chelsea F.C.,United Kingdom
Chris Garland,Chelsea F.C.,United Kingdom
Chris Sulley,Chelsea F.C.,United Kingdom
Cliff Huxford,Chelsea F.C.,United Kingdom
Clive Wilson,Chelsea F.C.,United Kingdom
Colin Huxford,Chelsea F.C.,United Kingdom
Colin Waldron,Chelsea F.C.,United Kingdom
Dale Jasper,Chelsea F.C.,United Kingdom
Damian Matthew,Chelsea F.C.,United Kingdom
Danny Granville,Chelsea F.C.,United Kingdom
Danny Hollands,Chelsea F.C.,United Kingdom
Danny Woodards,Chelsea F.C.,United Kingdom
Darren Barnard,Chelsea F.C.,United Kingdom
Darren Wood,Chelsea F.C.,United Kingdom
"David Calderhead, Jr.",Chelsea F.C.,United Kingdom
David Cliss,Chelsea F.C.,United Kingdom
David Copeland,Chelsea F.C.,United Kingdom
David Lee,Chelsea F.C.,United Kingdom
Davide Zappacosta,Chelsea F.C.,Italy
Dennis Rofe,Chelsea F.C.,United Kingdom
Derek Richardson,Chelsea F.C.,United Kingdom
Derek Saunders,Chelsea F.C.,United Kingdom
Derek Smethurst,Chelsea F.C.,South Africa
Dick Spence,Chelsea F.C.,United Kingdom
Dick Whittaker,Chelsea F.C.,Ireland
Dickie Deacon,Chelsea F.C.,United Kingdom
Doug Rougvie,Chelsea F.C.,United Kingdom
Eddie Lewis,Manchester United F.C.,United Kingdom
Edgar Wilson,Manchester United F.C.,United Kingdom
Edward Holt,Manchester United F.C.,United Kingdom
Edward Hudson,Manchester United F.C.,United Kingdom
Elijah Round,Manchester United F.C.,United Kingdom
Terry Skiverton,Chelsea F.C.,United Kingdom
Eric Eastwood,Manchester United F.C.,United Kingdom
Eric Parsons,Chelsea F.C.,United Kingdom
Eric Young,Manchester United F.C.,United Kingdom
Ernest Vincent,Manchester United F.C.,United Kingdom
Ernest Williams,Chelsea F.C.,United Kingdom
Ernie Bond,Manchester United F.C.,United Kingdom
Ernie Hine,Manchester United F.C.,United Kingdom
Ernie Thompson,Manchester United F.C.,United Kingdom
Daniel Pappoe,Chelsea F.C.,Ghana
Ezra Royals,Manchester United F.C.,United Kingdom
Frank Brett,Manchester United F.C.,United Kingdom
Frank Clempson,Manchester United F.C.,United Kingdom
Tommy Baldwin,Chelsea F.C.,United Kingdom
Tommy Baldwin,Manchester United F.C.,United Kingdom
Frank Gill,Manchester United F.C.,United Kingdom
Frank Harris,Manchester United F.C.,United Kingdom
Frank Haydock,Manchester United F.C.,United Kingdom
Frank Hodges,Manchester United F.C.,United Kingdom
Frank Kopel,Manchester United F.C.,United Kingdom
Frank Mitchell,Chelsea F.C.,Australia
Frank Thorpe,Manchester United F.C.,United Kingdom
Frank Upton,Chelsea F.C.,United Kingdom
Frank Wedge,Manchester United F.C.,United Kingdom
Frank Williams,Manchester United F.C.,United Kingdom
Richard Wilson,Chelsea F.C.,United Kingdom
Fraser Digby,Manchester United F.C.,United Kingdom
Fred Jones,Manchester United F.C.,United Kingdom of Great Britain and Ireland
Fred Rouse,Chelsea F.C.,United Kingdom
Fred Williams,Manchester United F.C.,United Kingdom
Freddy Capper,Manchester United F.C.,United Kingdom
Fábio Ferreira,Chelsea F.C.,Portugal
Fábio Paím,Chelsea F.C.,Portugal
Gareth Hall,Chelsea F.C.,United Kingdom
Gary Micklewhite,Manchester United F.C.,United Kingdom
Gary Stanley,Chelsea F.C.,United Kingdom
Gary Twynham,Manchester United F.C.,United Kingdom
Gary Worthington,Manchester United F.C.,United Kingdom
Gemma Bonner,Chelsea F.C.,United Kingdom
Geoff Butler,Chelsea F.C.,United Kingdom
Geoff Hunter,Manchester United F.C.,United Kingdom
George Anderson,Chelsea F.C.,United Kingdom
George Buchan,Manchester United F.C.,United Kingdom
George Clegg,Manchester United F.C.,United Kingdom
George Evans,Manchester United F.C.,United Kingdom
George Gladwin,Manchester United F.C.,United Kingdom
George Glaister,Manchester United F.C.,United Kingdom
George Haslam,Manchester United F.C.,United Kingdom
George Henderson,Chelsea F.C.,United Kingdom
George Hicks,Manchester United F.C.,United Kingdom
George Holdcroft,Manchester United F.C.,United Kingdom
George Lydon,Manchester United F.C.,United Kingdom
George Lyons,Manchester United F.C.,United Kingdom
George Millar,Manchester United F.C.,United Kingdom of Great Britain and Ireland
George Nevin,Manchester United F.C.,United Kingdom
George Nicol,Manchester United F.C.,United Kingdom
George O'Brien,Manchester United F.C.,United Kingdom
George Owen,Manchester United F.C.,United Kingdom of Great Britain and Ireland
George Perrins,Manchester United F.C.,United Kingdom
George Pybus,Chelsea F.C.,United Kingdom
George Radcliffe,Manchester United F.C.,United Kingdom
George Roughton,Manchester United F.C.,United Kingdom of Great Britain and Ireland
George Sapsford,Manchester United F.C.,United Kingdom
George Schofield,Manchester United F.C.,United Kingdom
George Smith,Chelsea F.C.,
George Switzer,Manchester United F.C.,United Kingdom
George Travers,Manchester United F.C.,United Kingdom
George W. Smith,Chelsea F.C.,United Kingdom
Gilbert Glidden,Manchester United F.C.,United Kingdom
Gilbert Godsmark,Manchester United F.C.,United Kingdom of Great Britain and Ireland
Gilbert Ovens,Chelsea F.C.,United Kingdom
Giuliano Maiorana,Manchester United F.C.,United Kingdom
Gordon Bolland,Chelsea F.C.,United Kingdom
Gordon Clayton,Manchester United F.C.,United Kingdom
Gordon Davies,Chelsea F.C.,United Kingdom
Graeme Tomlinson,Manchester United F.C.,United Kingdom
Graham Moore,Chelsea F.C.,United Kingdom
Graham Moore,Manchester United F.C.,United Kingdom
Graham Stuart,Chelsea F.C.,United Kingdom
Graham Wilkins,Chelsea F.C.,United Kingdom
Jamal Blackman,Chelsea F.C.,United Kingdom
Harold Dean,Manchester United F.C.,United Kingdom
Harold Miller,Chelsea F.C.,United Kingdom
Harry Erentz,Manchester United F.C.,United Kingdom
Harry Lappin,Manchester United F.C.,United Kingdom of Great Britain and Ireland
Harry Leonard,Manchester United F.C.,United Kingdom
Harry Wilkinson,Manchester United F.C.,United Kingdom
Sam Cookson,Manchester United F.C.,United Kingdom
Scott Wootton,Manchester United F.C.,United Kingdom
Jack Silcock,Manchester United F.C.,United Kingdom
Daniel Nardiello,Manchester United F.C.,United Kingdom
William Prunier,Manchester United F.C.,France
Paul Rachubka,Manchester United F.C.,United States
Eamon Dunphy,Manchester United F.C.,Ireland
Geoff Bent,Manchester United F.C.,United Kingdom
Eddie Colman,Manchester United F.C.,United Kingdom
Harry Stafford,Manchester United F.C.,United Kingdom
Mark Redshaw,Manchester United F.C.,United Kingdom
Maurice Setters,Manchester United F.C.,United Kingdom
Bert Whalley,Manchester United F.C.,United Kingdom
Marnick Vermijl,Manchester United F.C.,Belgium
Ron Davies,Manchester United F.C.,United Kingdom
Trevor Anderson,Manchester United F.C.,United Kingdom
Billy Whelan,Manchester United F.C.,Ireland
Enoch West,Manchester United F.C.,United Kingdom
Jim Holton,Manchester United F.C.,United Kingdom
Harold Halse,Manchester United F.C.,United Kingdom
Colin Webster,Manchester United F.C.,United Kingdom
Floribert N'Galula,Manchester United F.C.,Belgium
Dick Duckworth,Manchester United F.C.,United Kingdom
Jim Brown,Manchester United F.C.,United Kingdom
Hussein Yasser,Manchester United F.C.,Qatar
Ian Ure,Manchester United F.C.,United Kingdom
Michael Stewart,Manchester United F.C.,United Kingdom
Charlie Mitten,Manchester United F.C.,United Kingdom
Bill Berry,Manchester United F.C.,United Kingdom
Jimmy Delaney,Manchester United F.C.,United Kingdom
Willie Morgan,Manchester United F.C.,United Kingdom
Alan Brazil,Manchester United F.C.,United Kingdom
Ed McIlvenny,Manchester United F.C.,United States
Albert Quixall,Manchester United F.C.,United Kingdom
"John Aston, Jr.",Manchester United F.C.,United Kingdom
Bob Donaldson,Manchester United F.C.,United Kingdom
Jami Puustinen,Manchester United F.C.,Finland
Peter Doherty,Manchester United F.C.,United Kingdom
Allenby Chilton,Manchester United F.C.,United Kingdom
Herbert Burgess,Manchester United F.C.,United Kingdom
Tony Dunne,Manchester United F.C.,Ireland
Alan McLoughlin,Manchester United F.C.,Ireland
Mike Pollitt,Manchester United F.C.,United Kingdom
John Wood,Manchester United F.C.,United Kingdom
Alex Bruce,Manchester United F.C.,United Kingdom
David Fox,Manchester United F.C.,United Kingdom
Ashley Dodd,Manchester United F.C.,United Kingdom
Charlie Roberts,Manchester United F.C.,United Kingdom
Danny Webber,Manchester United F.C.,United Kingdom
Eric Westwood,Manchester United F.C.,United Kingdom
Ritchie Jones,Manchester United F.C.,United Kingdom
Frédéric Veseli,Manchester United F.C.,Switzerland
Gary Woods,Manchester United F.C.,United Kingdom
George McLachlan,Manchester United F.C.,United Kingdom
James Miller,Manchester United F.C.,United Kingdom
Jock Dodds,Manchester United F.C.,United Kingdom
Oscar Linkson,Manchester United F.C.,United Kingdom of Great Britain and Ireland
John Willie Sutcliffe,Manchester United F.C.,United Kingdom
Adam Eckersley,Manchester United F.C.,United Kingdom
Jack Peddie,Manchester United F.C.,United Kingdom of Great Britain and Ireland
Michael Barnes,Manchester United F.C.,United Kingdom
Tommy Blackstock,Manchester United F.C.,United Kingdom of Great Britain and Ireland
Brian Birch,Manchester United F.C.,United Kingdom
Phil Chisnall,Manchester United F.C.,United Kingdom
Etzaz Hussain,Manchester United F.C.,Norway
Rob McKinnon,Manchester United F.C.,United Kingdom
Ben Muirhead,Manchester United F.C.,United Kingdom
Nick Culkin,Manchester United F.C.,United Kingdom
Alex Notman,Manchester United F.C.,United Kingdom
Mark Lynch,Manchester United F.C.,United Kingdom
George Stacey,Manchester United F.C.,United Kingdom
Joe Cassidy,Manchester United F.C.,United Kingdom of Great Britain and Ireland
Walter Cartwright,Manchester United F.C.,United Kingdom of Great Britain and Ireland
Jimmy Turnbull,Manchester United F.C.,United Kingdom
Alf Steward,Manchester United F.C.,United Kingdom of Great Britain and Ireland
Jack Crompton,Manchester United F.C.,United Kingdom of Great Britain and Ireland
Graeme Hogg,Manchester United F.C.,United Kingdom
Les Sealey,Manchester United F.C.,United Kingdom
David Gaskell,Manchester United F.C.,United Kingdom
Tom Miller,Manchester United F.C.,United Kingdom
Alex Bell,Manchester United F.C.,United Kingdom
Beaumont Asquith,Manchester United F.C.,United Kingdom
Ashley Grimes,Manchester United F.C.,Ireland
Ted MacDougall,Manchester United F.C.,United Kingdom
Tom Thorpe,Manchester United F.C.,United Kingdom
Tommy Rowe,Manchester United F.C.,United Kingdom
Jack Picken,Manchester United F.C.,United Kingdom
Carlo Sartori,Manchester United F.C.,Italy
David Jeffrey,Manchester United F.C.,United Kingdom
Francis Burns,Manchester United F.C.,United Kingdom
Gary Walsh,Manchester United F.C.,United Kingdom
Gerry Daly,Manchester United F.C.,Ireland
Jackie Scott,Manchester United F.C.,United Kingdom
James Brown,Manchester United F.C.,United Kingdom
Jim McCalliog,Manchester United F.C.,United Kingdom
Kyle Moran,Manchester United F.C.,Ireland
Leslie Lievesley,Manchester United F.C.,United Kingdom of Great Britain and Ireland
Bill Dale,Manchester United F.C.,United Kingdom
Bill Fielding,Manchester United F.C.,United Kingdom
Bill Gorman,Manchester United F.C.,Ireland
Bill Henderson,Manchester United F.C.,United Kingdom
Bill Inglis,Manchester United F.C.,United Kingdom
Bill McCartney,Manchester United F.C.,United Kingdom of Great Britain and Ireland
Bill McKay,Manchester United F.C.,United Kingdom
Bill Owen,Manchester United F.C.,United Kingdom
Bill Rawlings,Manchester United F.C.,United Kingdom
Bill Ridding,Manchester United F.C.,United Kingdom
Bill Williams,Manchester United F.C.,United Kingdom
Billy Boyd,Manchester United F.C.,United Kingdom
Billy Bridgewater,Manchester United F.C.,United Kingdom
Billy Dennis,Manchester United F.C.,United Kingdom
Billy Draycott,Manchester United F.C.,United Kingdom
Billy Garton,Manchester United F.C.,United Kingdom
Billy Goodwin,Manchester United F.C.,United Kingdom
Billy Griffiths,Manchester United F.C.,United Kingdom
Billy Harrison,Manchester United F.C.,United Kingdom
Billy Hood,Manchester United F.C.,United Kingdom of Great Britain and Ireland
Billy Johnston,Manchester United F.C.,United Kingdom
Billy McGlen,Manchester United F.C.,United Kingdom
Billy Morgan,Manchester United F.C.,United Kingdom of Great Britain and Ireland
Billy Porter,Manchester United F.C.,United Kingdom
Billy Redman,Manchester United F.C.,United Kingdom
Billy Richards,Manchester United F.C.,United Kingdom of Great Britain and Ireland
Billy Toms,Manchester United F.C.,
Billy Woodward,Manchester United F.C.,United Kingdom
Billy Wrigglesworth,Manchester United F.C.,United Kingdom
Bob Bonthron,Manchester United F.C.,United Kingdom
Bob Hardisty,Manchester United F.C.,United Kingdom
Bob McFarlane,Manchester United F.C.,United Kingdom of Great Britain and Ireland
Bob Milarvie,Manchester United F.C.,United Kingdom of Great Britain and Ireland
Bob Valentine,Manchester United F.C.,United Kingdom of Great Britain and Ireland
Bobby Noble,Manchester United F.C.,United Kingdom
Bobby Smith,Manchester United F.C.,United Kingdom
Bogie Roberts,Manchester United F.C.,
Brian Carey,Manchester United F.C.,Ireland
Bruno Fernandes,Manchester United F.C.,Portugal
Bryce Fulton,Manchester United F.C.,United Kingdom
Colin Heath,Manchester United F.C.,United Kingdom
Charles Mackie,Manchester United F.C.,United Kingdom
Charles Rothwell,Manchester United F.C.,United Kingdom
Charlie Craven,Manchester United F.C.,United Kingdom
Charlie Harrison,Manchester United F.C.,United Kingdom
Charlie Hillam,Manchester United F.C.,United Kingdom
Charlie McGillivray,Manchester United F.C.,United Kingdom
Charlie Radford,Manchester United F.C.,United Kingdom of Great Britain and Ireland
Charlie Ramsden,Manchester United F.C.,United Kingdom
Charlie Rennox,Manchester United F.C.,United Kingdom
Charlie Richards,Manchester United F.C.,United Kingdom of Great Britain and Ireland
Charlie Spencer,Manchester United F.C.,United Kingdom
Chris Casper,Manchester United F.C.,United Kingdom
Chris McGrath,Manchester United F.C.,United Kingdom
Chris Short,Manchester United F.C.,United Kingdom
Chris Taylor,Manchester United F.C.,United Kingdom
Chris Turner,Manchester United F.C.,United Kingdom
Clem Beddow,Manchester United F.C.,United Kingdom
Cliff Birkett,Manchester United F.C.,United Kingdom
Cliff Collinson,Manchester United F.C.,United Kingdom
Clive Griffiths,Manchester United F.C.,United Kingdom
Colin McKee,Manchester United F.C.,United Kingdom
Colin Waldron,Manchester United F.C.,United Kingdom
Craig Lawton,Manchester United F.C.,United Kingdom
Cyril Briggs,Manchester United F.C.,United Kingdom
Daniel Hurst,Manchester United F.C.,United Kingdom
Danny Byrne,Manchester United F.C.,United Kingdom
Danny Ferguson,Manchester United F.C.,United Kingdom
Danny Rose,Manchester United F.C.,United Kingdom
Danny Whitaker,Manchester United F.C.,United Kingdom
Dave Hanson,Manchester United F.C.,United Kingdom
David Bain,Manchester United F.C.,United Kingdom
David Bradley,Manchester United F.C.,United Kingdom
David Brown,Manchester United F.C.,United Kingdom
David Byrne,Manchester United F.C.,Ireland
David Christie,Manchester United F.C.,United Kingdom of Great Britain and Ireland
David Cork,Manchester United F.C.,United Kingdom
David Ellis,Manchester United F.C.,United Kingdom
David Evans,Manchester United F.C.,United Kingdom
David Fitzsimmons,Manchester United F.C.,United Kingdom of Great Britain and Ireland
David McFetteridge,Manchester United F.C.,United Kingdom
David Poole,Manchester United F.C.,United Kingdom
David Robbie,Manchester United F.C.,United Kingdom
David Ryan,Manchester United F.C.,United Kingdom
David Wilson,Manchester United F.C.,United Kingdom
Deiniol Graham,Manchester United F.C.,United Kingdom
Dennis Fidler,Manchester United F.C.,United Kingdom
Dennis Walker,Manchester United F.C.,United Kingdom
Derek Brazil,Manchester United F.C.,Ireland
Dessie Baker,Manchester United F.C.,Ireland
Di Jones,Manchester United F.C.,United Kingdom of Great Britain and Ireland
Dick Black,Manchester United F.C.,United Kingdom of Great Britain and Ireland
Dick Gardner,Manchester United F.C.,United Kingdom
Dick Pegg,Manchester United F.C.,United Kingdom of Great Britain and Ireland
Dick Smith,Manchester United F.C.,United Kingdom of Great Britain and Ireland
Dick Wombwell,Manchester United F.C.,United Kingdom
Eddie Bailham,Manchester United F.C.,Ireland
Eddie Green,Manchester United F.C.,United Kingdom
Alastair Gordon,Chelsea F.C.,United Kingdom
Aldi Haxhia,Chelsea F.C.,Kosovo
Harry Ford,Chelsea F.C.,United Kingdom
Harry Medhurst,Chelsea F.C.,United Kingdom
Harry Wilding,Chelsea F.C.,United Kingdom
Harry Wilkinson,Chelsea F.C.,United Kingdom
Harry Worley,Chelsea F.C.,United Kingdom
Aziz Deen-Conteh,Chelsea F.C.,United Kingdom
Henry Boyd,Manchester United F.C.,United Kingdom
Henry Small,Manchester United F.C.,United Kingdom
Herbert Broomfield,Manchester United F.C.,United Kingdom
Herbert Dale,Manchester United F.C.,United Kingdom of Great Britain and Ireland
Herbert Heywood,Manchester United F.C.,United Kingdom
Herbert Mann,Manchester United F.C.,United Kingdom
Herbert Rothwell,Manchester United F.C.,United Kingdom
Terry Gibson,Manchester United F.C.,United Kingdom
Danny Stenning,Chelsea F.C.,United Kingdom
Horace Blew,Manchester United F.C.,United Kingdom
Hubert Redwood,Manchester United F.C.,United Kingdom
Hugh Billington,Chelsea F.C.,United Kingdom
Hugh Edmonds,Manchester United F.C.,United Kingdom of Great Britain and Ireland
Hugh Kerr,Manchester United F.C.,United Kingdom of Great Britain and Ireland
Hugh McLenahan,Manchester United F.C.,United Kingdom
Ian Britton,Chelsea F.C.,United Kingdom
Ian Donald,Manchester United F.C.,United Kingdom
Ian Fitzpatrick,Manchester United F.C.,United Kingdom
Ian MacFarlane,Chelsea F.C.,United Kingdom
Ian Moir,Manchester United F.C.,United Kingdom
Ian Watson,Chelsea F.C.,United Kingdom
Ian Wilkinson,Manchester United F.C.,United Kingdom
Luis Rojas,Manchester United F.C.,Chile
Marko Mitrović,Chelsea F.C.,Sweden
Nikki Ahamed,Chelsea F.C.,Sri Lanka
Nortei Nortey,Chelsea F.C.,United Kingdom
Ricardo Fernandes,Chelsea F.C.,Portugal
Jack Allister,Chelsea F.C.,United Kingdom
Rohan Ince,Chelsea F.C.,United Kingdom
Jack Barber,Manchester United F.C.,United Kingdom
Jack Bradley,Chelsea F.C.,United Kingdom
Jack Breedon,Manchester United F.C.,United Kingdom
Jack Cape,Manchester United F.C.,United Kingdom
Jack Fitchett,Manchester United F.C.,United Kingdom
Jack Flanagan,Manchester United F.C.,United Kingdom
Jack Griffiths,Manchester United F.C.,United Kingdom
Jack Grundy,Manchester United F.C.,United Kingdom
Jack Hall,Manchester United F.C.,United Kingdom
Jack Harrow,Chelsea F.C.,United Kingdom
Jack Howarth,Chelsea F.C.,United Kingdom
Jack McDonald,Manchester United F.C.,United Kingdom
Jack Mellor,Manchester United F.C.,United Kingdom
Jack Owen,Manchester United F.C.,United Kingdom
Jack Peters,Manchester United F.C.,
Jack Quinn,Manchester United F.C.,United Kingdom of Great Britain and Ireland
Jack Saunders,Chelsea F.C.,United Kingdom
Jack Smith,Chelsea F.C.,United Kingdom
Jack Warner,Manchester United F.C.,United Kingdom
Jack Whitley,Chelsea F.C.,United Kingdom
Jack Wilson,Manchester United F.C.,United Kingdom
Jackie Crawford,Chelsea F.C.,United Kingdom
Jackie Mooney,Manchester United F.C.,Ireland
Jackie Sheldon,Manchester United F.C.,United Kingdom
Jackie Wassall,Manchester United F.C.,United Kingdom
James Bain,Manchester United F.C.,United Kingdom of Great Britain and Ireland
James Cairns,Manchester United F.C.,United Kingdom
James Connachan,Manchester United F.C.,United Kingdom of Great Britain and Ireland
James Fisher,Manchester United F.C.,United Kingdom of Great Britain and Ireland
James Garvey,Manchester United F.C.,United Kingdom
James Gotheridge,Manchester United F.C.,United Kingdom
James Hendry,Manchester United F.C.,United Kingdom
James Hodge,Manchester United F.C.,United Kingdom
James Hopkins,Manchester United F.C.,United Kingdom
James Montgomery,Manchester United F.C.,United Kingdom
James Pugh,Manchester United F.C.,United Kingdom
James Saunders,Chelsea F.C.,United Kingdom
James Saunders,Manchester United F.C.,United Kingdom
James Stark,Chelsea F.C.,United Kingdom of Great Britain and Ireland
James Thompson,Chelsea F.C.,United Kingdom
James Thomson,Manchester United F.C.,United Kingdom
James Watson,Chelsea F.C.,United Kingdom of Great Britain and Ireland
Todd Kane,Chelsea F.C.,United Kingdom
Jason Cundy,Chelsea F.C.,Australia
Jason Lydiate,Manchester United F.C.,United Kingdom
Jay Richardson,Chelsea F.C.,United Kingdom
Jean-Yves Anis,Chelsea F.C.,Ivory Coast
Jeff Wealands,Manchester United F.C.,United Kingdom
Jerry Murphy,Chelsea F.C.,United Kingdom
Jesse Lingard,Manchester United F.C.,United Kingdom
Jim Barron,Chelsea F.C.,United Kingdom
Jim Docherty,Chelsea F.C.,United Kingdom
Jim Thomson,Chelsea F.C.,United Kingdom
Jimmy Argue,Chelsea F.C.,United Kingdom
Jimmy Bain,Chelsea F.C.,United Kingdom
Jimmy Bowie,Chelsea F.C.,United Kingdom
Jimmy Broad,Manchester United F.C.,United Kingdom
Jimmy Clare,Chelsea F.C.,United Kingdom
Jimmy Croal,Chelsea F.C.,United Kingdom
Jimmy D'Arcy,Chelsea F.C.,United Kingdom
Jimmy Dyer,Manchester United F.C.,United Kingdom
Jimmy Dykes,Chelsea F.C.,United Kingdom
Jimmy Hanlon,Manchester United F.C.,United Kingdom
Jimmy Kelly,Manchester United F.C.,United Kingdom
Jimmy Leadbetter,Chelsea F.C.,United Kingdom
Jimmy McClelland,Manchester United F.C.,United Kingdom
Jimmy Nicholson,Manchester United F.C.,United Kingdom
Jimmy Robertson,Chelsea F.C.,United Kingdom of Great Britain and Ireland
Jimmy Stanton,Manchester United F.C.,United Kingdom
Jimmy Warner,Manchester United F.C.,United Kingdom
Jimmy Whitehouse,Manchester United F.C.,United Kingdom of Great Britain and Ireland
Jocelyn Rowe,Manchester United F.C.,United Kingdom
Jock Archibald,Chelsea F.C.,United Kingdom
Joe Astley,Manchester United F.C.,United Kingdom
Joe Bradshaw,Chelsea F.C.,United Kingdom
Joe Carolan,Manchester United F.C.,Ireland
Joe Curry,Manchester United F.C.,United Kingdom
Joe Davies,Manchester United F.C.,United Kingdom
Joe Dolan,Chelsea F.C.,United Kingdom
Joe Fall,Manchester United F.C.,United Kingdom
Joe Fascione,Chelsea F.C.,United Kingdom
Joe Hanrahan,Manchester United F.C.,Ireland
Joe Haywood,Manchester United F.C.,United Kingdom
Joe Heathcote,Manchester United F.C.,United Kingdom
Joe Kinloch,Manchester United F.C.,United Kingdom
Joe Kirkup,Chelsea F.C.,United Kingdom
Joe McLaughlin,Chelsea F.C.,United Kingdom
Joe Myerscough,Manchester United F.C.,United Kingdom
Joe North,Arsenal F.C.,United Kingdom
Joe Norton,Manchester United F.C.,United Kingdom
Joe Payne,Chelsea F.C.,United Kingdom
Joe Satterthwaite,Arsenal F.C.,United Kingdom
Joe Sheerin,Chelsea F.C.,United Kingdom
Joe Spottiswood,Chelsea F.C.,United Kingdom
Joe Thompson,Manchester United F.C.,United Kingdom
Joe Tillen,Chelsea F.C.,United Kingdom
Joe Wade,Arsenal F.C.,United Kingdom
Joe Walton,Manchester United F.C.,United Kingdom
Joe Wetherell,Manchester United F.C.,United Kingdom
Joe Williams,Manchester United F.C.,United Kingdom
Joel Kitamirike,Chelsea F.C.,United Kingdom
Joey Williams,Arsenal F.C.,United Kingdom
John Alexander,Manchester United F.C.,United Kingdom
John Bacon,Arsenal F.C.,Ireland
John Ball,Manchester United F.C.,United Kingdom
John Banks,Manchester United F.C.,United Kingdom
John Boyle,Chelsea F.C.,United Kingdom
John Brocklehurst,Manchester United F.C.,United Kingdom
John Browning,Chelsea F.C.,United Kingdom
John Bumstead,Chelsea F.C.,United Kingdom
John Chenhall,Arsenal F.C.,United Kingdom
John Christie,Manchester United F.C.,United Kingdom
John Clarkin,Manchester United F.C.,United Kingdom of Great Britain and Ireland
John Clements,Manchester United F.C.,United Kingdom
John Coady,Chelsea F.C.,Ireland
John Compton,Chelsea F.C.,United Kingdom
John Connaughton,Manchester United F.C.,United Kingdom
John Cunningham,Manchester United F.C.,United Kingdom of Great Britain and Ireland
John Davies,Manchester United F.C.,United Kingdom
John Dow,Manchester United F.C.,United Kingdom of Great Britain and Ireland
John Dunn,Chelsea F.C.,United Kingdom
John Ferguson,Manchester United F.C.,United Kingdom
John Hodge,Manchester United F.C.,United Kingdom
John Howarth,Manchester United F.C.,United Kingdom
John Lowey,Manchester United F.C.,United Kingdom
John Matthews,Arsenal F.C.,United Kingdom
John McCartney,Manchester United F.C.,United Kingdom
John McGillivray,Manchester United F.C.,United Kingdom
John Milne,Arsenal F.C.,United Kingdom
John Moody,Arsenal F.C.,United Kingdom
John Moody,Manchester United F.C.,United Kingdom
John Mortimore,Chelsea F.C.,United Kingdom
John O'Rourke,Chelsea F.C.,United Kingdom
John Petts,Arsenal F.C.,United Kingdom
John Ryan,Arsenal F.C.,United Kingdom
John Sillett,Chelsea F.C.,United Kingdom
John Sissons,Chelsea F.C.,United Kingdom
John Sitton,Chelsea F.C.,United Kingdom
John Smith,Chelsea F.C.,United Kingdom
John Snedden,Arsenal F.C.,United Kingdom
John Spicer,Arsenal F.C.,United Kingdom
Johnny Brooks,Chelsea F.C.,United Kingdom
Johnny McNichol,Chelsea F.C.,United Kingdom
Johnny Paton,Chelsea F.C.,United Kingdom
Jo Potter,Arsenal F.C.,United Kingdom
Julian Kelly,Arsenal F.C.,United Kingdom
Kashif Siddiqi,Arsenal F.C.,Pakistan
Keith Dublin,Chelsea F.C.,United Kingdom
Keith Jones,Chelsea F.C.,United Kingdom
Ken Nicholas,Arsenal F.C.,United Kingdom
Ken Suttle,Chelsea F.C.,United Kingdom
Ken Veysey,Arsenal F.C.,United Kingdom
Kevin Dennis,Arsenal F.C.,United Kingdom
Kevin Hales,Chelsea F.C.,United Kingdom
Kevin Kennerley,Arsenal F.C.,United Kingdom
Kevin McAllister,Chelsea F.C.,United Kingdom
Kevin O'Flanagan,Arsenal F.C.,Ireland
Kevin Stead,Arsenal F.C.,United Kingdom
Kevin Wilson,Chelsea F.C.,United Kingdom
Kezie Ibe,Arsenal F.C.,United Kingdom
Kwame Ampadu,Arsenal F.C.,Ireland
Laurence Abrams,Chelsea F.C.,United Kingdom
Laurie Brown,Arsenal F.C.,United Kingdom
Lawrence Osborne,Arsenal F.C.,United Kingdom
Lawrie Madden,Arsenal F.C.,United Kingdom
Leandro Trossard,Arsenal F.C.,Belgium
Lee Canoville,Arsenal F.C.,United Kingdom
Lee Doherty,Arsenal F.C.,United Kingdom
Lee Harper,Arsenal F.C.,United Kingdom
Len Apsey,Arsenal F.C.,United Kingdom
Len Casey,Chelsea F.C.,United Kingdom
Len Julians,Arsenal F.C.,United Kingdom
Len Wills,Arsenal F.C.,United Kingdom
Leonard Thompson,Arsenal F.C.,United Kingdom
Les Briley,Chelsea F.C.,United Kingdom
Les Fridge,Chelsea F.C.,United Kingdom
Les Henley,Arsenal F.C.,United Kingdom
Les Stubbs,Chelsea F.C.,United Kingdom
Leslie Jones,Arsenal F.C.,United Kingdom
Liam Chilvers,Arsenal F.C.,United Kingdom
Paul Canoville,Chelsea F.C.,United Kingdom
Luke Webb,Arsenal F.C.,United Kingdom
Mal Griffiths,Arsenal F.C.,United Kingdom
Malcolm Webster,Arsenal F.C.,United Kingdom
Mark Heeley,Arsenal F.C.,United Kingdom
Mark Nicholls,Chelsea F.C.,United Kingdom
Matthew Joseph,Arsenal F.C.,United Kingdom
Matt Wicks,Arsenal F.C.,United Kingdom
Matthew Hislop,Arsenal F.C.,United Kingdom
Matthew Rose,Arsenal F.C.,United Kingdom
Mel Scott,Chelsea F.C.,United Kingdom
Michael Byrne,Chelsea F.C.,United Kingdom
Michael Jordan,Arsenal F.C.,United Kingdom
Mick Harford,Chelsea F.C.,United Kingdom
Micky Boot,Arsenal F.C.,United Kingdom
Micky Hazard,Chelsea F.C.,United Kingdom
Mike Brolly,Chelsea F.C.,United Kingdom
Mike Harrison,Chelsea F.C.,United Kingdom
Mike Pinner,Chelsea F.C.,United Kingdom
Mike Tiddy,Arsenal F.C.,United Kingdom
Moses Barnett,Arsenal F.C.,Sierra Leone
Murdoch Dickie,Chelsea F.C.,United Kingdom
Narada Bernard,Arsenal F.C.,United Kingdom
Ned Liddell,Arsenal F.C.,United Kingdom
Neil Freeman,Arsenal F.C.,United Kingdom
Neil Heaney,Arsenal F.C.,United Kingdom
Neil Shipperley,Chelsea F.C.,United Kingdom
